subject,run_ordinal,session_id,run_id,run_label,nframes,raw_samples,mri_ttl_rises,bm_mri_onset_sample,coverage_margin_samples,individual_ttl_validated,alignment_method,status
2,1,1,1,session01_run01,476,403250,477,39087,2404,1,individual MRI TTL edges,ok
2,2,1,2,session01_run02,490,381850,491,6619,2832,1,individual MRI TTL edges,ok
2,3,1,3,session01_run03,482,377650,483,7862,3469,1,individual MRI TTL edges,ok
2,4,1,4,session01_run04,479,373850,480,6751,3060,1,individual MRI TTL edges,ok
2,5,1,5,session01_run05,488,380150,489,6925,2346,1,individual MRI TTL edges,ok
2,6,1,6,session01_run06,488,380350,489,6545,2926,1,individual MRI TTL edges,ok
2,7,1,7,session01_run07,487,378850,488,6635,2096,1,individual MRI TTL edges,ok
2,8,1,8,session01_run08,484,378200,485,6874,3487,1,individual MRI TTL edges,ok
2,9,1,9,session01_run09,489,392300,490,17260,3401,1,individual MRI TTL edges,ok
2,10,1,10,session01_run10,492,384900,493,7412,3569,1,individual MRI TTL edges,ok
2,11,2,1,session02_run01,498,393382,499,12295,2608,1,individual MRI TTL edges,ok
2,12,2,2,session02_run02,489,382250,490,8372,2239,1,individual MRI TTL edges,ok
2,13,2,3,session02_run03,496,387180,496,7884,2337,1,individual MRI TTL edges,ok
2,14,2,4,session02_run04,488,381500,489,7827,2794,1,individual MRI TTL edges,ok
2,15,2,5,session02_run05,472,369682,473,8108,2855,1,individual MRI TTL edges,ok
2,16,2,6,session02_run06,488,380450,489,7134,2437,1,individual MRI TTL edges,ok
2,17,2,7,session02_run07,487,380382,488,7928,2335,1,individual MRI TTL edges,ok
2,18,2,8,session02_run08,485,378540,486,7374,2567,1,individual MRI TTL edges,ok
2,19,2,9,session02_run09,492,385241,493,8060,3262,1,individual MRI TTL edges,ok
2,20,2,10,session02_run10,485,379250,486,8577,2074,1,individual MRI TTL edges,ok
2,21,3,1,session03_run01,489,389500,490,14244,3617,1,individual MRI TTL edges,ok
2,22,3,2,session03_run02,491,392000,492,16258,2583,1,individual MRI TTL edges,ok
2,23,3,3,session03_run03,482,378650,483,8933,3398,1,individual MRI TTL edges,ok
2,24,3,4,session03_run04,514,404500,514,6743,7118,1,individual MRI TTL edges,ok
2,25,3,5,session03_run05,504,392600,505,7139,2422,1,individual MRI TTL edges,ok
2,26,3,6,session03_run06,493,383900,494,6841,2380,1,individual MRI TTL edges,ok
2,27,3,7,session03_run07,477,371200,478,6723,1958,1,individual MRI TTL edges,ok
2,28,3,8,session03_run08,476,380300,477,13904,4637,1,individual MRI TTL edges,ok
2,29,3,9,session03_run09,490,391400,491,16995,2006,1,individual MRI TTL edges,ok
2,30,3,10,session03_run10,491,382200,491,7038,2003,1,individual MRI TTL edges,ok
2,31,4,1,session04_run01,495,393650,496,14875,2576,1,individual MRI TTL edges,ok
2,32,4,2,session04_run02,482,376900,483,7240,3341,1,individual MRI TTL edges,ok
2,33,4,3,session04_run03,487,384200,488,9472,4609,1,individual MRI TTL edges,ok
2,34,4,4,session04_run04,491,382700,492,6985,2556,1,individual MRI TTL edges,ok
2,35,4,5,session04_run05,482,376550,483,6737,3494,1,individual MRI TTL edges,ok
2,36,5,1,session05_run01,482,375700,483,6990,2391,1,individual MRI TTL edges,ok
2,37,5,2,session05_run02,493,393000,494,15196,3125,1,individual MRI TTL edges,ok
2,38,5,3,session05_run03,481,383600,482,14997,3044,1,individual MRI TTL edges,ok
2,39,5,4,session05_run04,514,412000,514,16675,4686,1,individual MRI TTL edges,ok
2,40,5,5,session05_run05,505,393000,506,6785,2416,1,individual MRI TTL edges,ok
2,41,6,1,session06_run01,497,387250,498,7218,2313,1,individual MRI TTL edges,ok
2,42,6,2,session06_run02,496,396200,497,16354,2887,1,individual MRI TTL edges,ok
2,43,6,3,session06_run03,491,382850,492,6855,2836,1,individual MRI TTL edges,ok
2,44,7,1,session07_run01,490,381500,491,6305,2796,1,individual MRI TTL edges,ok
2,45,7,2,session07_run02,485,385950,485,15418,1933,1,individual MRI TTL edges,ok
2,46,7,3,session07_run03,487,379100,488,6759,2222,1,individual MRI TTL edges,ok
2,47,7,4,session07_run04,473,368400,474,7178,1743,1,individual MRI TTL edges,ok
2,48,7,5,session07_run05,492,383800,493,7287,2594,1,individual MRI TTL edges,ok
2,49,8,1,session08_run01,487,379550,488,7365,2066,1,individual MRI TTL edges,ok
2,50,8,2,session08_run02,485,378850,486,6679,3572,1,individual MRI TTL edges,ok
2,51,8,3,session08_run03,495,385900,496,7641,2060,1,individual MRI TTL edges,ok
2,52,8,4,session08_run04,485,378900,486,6966,3335,1,individual MRI TTL edges,ok
2,53,8,5,session08_run05,490,383100,491,8061,2640,1,individual MRI TTL edges,ok
2,54,9,1,session09_run01,500,388000,501,6080,1921,1,individual MRI TTL edges,ok
2,55,9,2,session09_run02,480,375450,481,6793,3858,1,individual MRI TTL edges,ok
2,56,9,3,session09_run03,475,369750,476,6919,1832,1,individual MRI TTL edges,ok
2,57,9,4,session09_run04,499,388900,500,7036,2625,1,individual MRI TTL edges,ok
2,58,9,5,session09_run05,484,376850,484,6424,2587,1,individual MRI TTL edges,ok
2,59,10,1,session10_run01,478,373300,479,6790,3231,1,individual MRI TTL edges,ok
2,60,10,2,session10_run02,482,378700,483,7145,5236,1,individual MRI TTL edges,ok
2,61,10,3,session10_run03,480,372850,480,6114,1937,1,individual MRI TTL edges,ok
2,62,10,4,session10_run04,493,384050,494,6778,2593,1,individual MRI TTL edges,ok
2,63,10,5,session10_run05,485,378850,486,6755,3496,1,individual MRI TTL edges,ok
2,64,10,6,session10_run06,479,374650,480,7234,3377,1,individual MRI TTL edges,ok
2,65,11,1,session11_run01,499,388100,500,6639,2222,1,individual MRI TTL edges,ok
2,66,11,2,session11_run02,514,401500,514,6379,4482,1,individual MRI TTL edges,ok
2,67,11,3,session11_run03,507,395100,508,6577,3204,1,individual MRI TTL edges,ok
2,68,11,4,session11_run04,500,390050,501,6834,3217,1,individual MRI TTL edges,ok
2,69,11,5,session11_run05,501,401750,502,15408,5583,1,individual MRI TTL edges,ok
2,70,12,1,session12_run01,499,389100,500,7293,2568,1,individual MRI TTL edges,ok
2,71,12,2,session12_run02,498,398450,499,15056,4915,1,individual MRI TTL edges,ok
2,72,12,3,session12_run03,502,390400,503,6355,2526,1,individual MRI TTL edges,ok
2,73,12,4,session12_run04,500,389650,501,7250,2401,1,individual MRI TTL edges,ok
2,74,12,5,session12_run05,514,399000,514,6754,1607,1,individual MRI TTL edges,ok
2,75,12,6,session12_run06,503,391550,504,7602,1669,1,individual MRI TTL edges,ok
2,76,13,1,session13_run01,501,389600,502,7124,1717,1,individual MRI TTL edges,ok
2,77,13,2,session13_run02,514,409200,514,15745,2816,1,individual MRI TTL edges,ok
2,78,13,3,session13_run03,507,394900,508,7270,2311,1,individual MRI TTL edges,ok
2,79,13,4,session13_run04,514,402800,514,10338,1823,1,individual MRI TTL edges,ok
2,80,13,5,session13_run05,514,400900,514,7196,3065,1,individual MRI TTL edges,ok
3,1,1,1,session01_run01,489,396500,490,22474,2387,1,individual MRI TTL edges,ok
3,2,1,2,session01_run02,484,385400,485,15551,2010,1,individual MRI TTL edges,ok
3,3,1,3,session01_run03,480,375100,481,7715,2586,1,individual MRI TTL edges,ok
3,4,1,4,session01_run04,490,380250,491,5201,2650,1,individual MRI TTL edges,ok
3,5,1,5,session01_run05,498,389500,499,7030,3991,1,individual MRI TTL edges,ok
3,6,1,6,session01_run06,483,416350,484,46121,3150,1,individual MRI TTL edges,ok
3,7,1,7,session01_run07,487,379650,488,6670,2861,1,individual MRI TTL edges,ok
3,8,1,8,session01_run08,495,386400,496,8036,2165,1,individual MRI TTL edges,ok
3,9,1,9,session01_run09,485,390850,486,18632,3619,1,individual MRI TTL edges,ok
3,10,1,10,session01_run10,486,380050,487,7112,3579,1,individual MRI TTL edges,ok
3,11,2,1,session02_run01,473,385400,474,22512,3409,1,individual MRI TTL edges,ok
3,12,2,2,session02_run02,496,395250,497,15362,2929,1,individual MRI TTL edges,ok
3,13,2,3,session02_run03,495,389050,496,8908,3943,1,individual MRI TTL edges,ok
3,14,2,4,session02_run04,496,390650,497,7955,5736,1,individual MRI TTL edges,ok
3,15,2,5,session02_run05,488,383800,489,9698,3223,1,individual MRI TTL edges,ok
3,16,2,6,session02_run06,482,378550,483,8461,3770,1,individual MRI TTL edges,ok
3,17,2,7,session02_run07,475,371100,476,7269,2832,1,individual MRI TTL edges,ok
3,18,2,8,session02_run08,488,380350,489,6834,2637,1,individual MRI TTL edges,ok
3,19,3,1,session03_run01,483,376400,484,6494,2827,1,individual MRI TTL edges,ok
3,20,3,2,session03_run02,490,390000,491,15179,2422,1,individual MRI TTL edges,ok
3,21,3,3,session03_run03,498,387400,499,7098,1823,1,individual MRI TTL edges,ok
3,22,3,4,session03_run04,503,391500,504,6658,2563,1,individual MRI TTL edges,ok
3,23,3,5,session03_run05,490,383200,491,8050,2751,1,individual MRI TTL edges,ok
3,24,3,6,session03_run06,486,378550,487,6850,2341,1,individual MRI TTL edges,ok
3,25,3,7,session03_run07,482,377800,483,8434,3047,1,individual MRI TTL edges,ok
3,26,3,8,session03_run08,480,374950,481,7375,2776,1,individual MRI TTL edges,ok
3,27,4,1,session04_run01,485,378200,486,7216,2385,1,individual MRI TTL edges,ok
3,28,4,2,session04_run02,489,390650,490,15792,3219,1,individual MRI TTL edges,ok
3,29,4,3,session04_run03,485,382150,485,9789,3762,1,individual MRI TTL edges,ok
3,30,4,4,session04_run04,486,387700,487,15119,3222,1,individual MRI TTL edges,ok
3,31,4,5,session04_run05,490,381700,491,6684,2617,1,individual MRI TTL edges,ok
3,32,4,6,session04_run06,495,387000,496,8373,2428,1,individual MRI TTL edges,ok
3,33,4,7,session04_run07,504,394400,505,8421,2940,1,individual MRI TTL edges,ok
3,34,4,8,session04_run08,496,387150,497,7021,3170,1,individual MRI TTL edges,ok
3,35,5,1,session05_run01,477,376300,478,9551,4230,1,individual MRI TTL edges,ok
3,36,5,2,session05_run02,503,390050,504,5041,2730,1,individual MRI TTL edges,ok
3,37,5,3,session05_run03,486,380750,487,8133,3258,1,individual MRI TTL edges,ok
3,38,5,4,session05_run04,481,378650,482,8645,4446,1,individual MRI TTL edges,ok
3,39,5,5,session05_run05,501,390750,502,7723,2268,1,individual MRI TTL edges,ok
3,40,5,6,session05_run06,494,385000,495,7923,1638,1,individual MRI TTL edges,ok
3,41,5,7,session05_run07,472,368500,473,7040,2741,1,individual MRI TTL edges,ok
3,42,5,8,session05_run08,477,374850,478,7186,5145,1,individual MRI TTL edges,ok
3,43,6,1,session06_run01,483,379150,484,8615,3456,1,individual MRI TTL edges,ok
3,44,6,2,session06_run02,514,412250,514,15206,6405,1,individual MRI TTL edges,ok
3,45,6,3,session06_run03,485,378700,485,7586,2515,1,individual MRI TTL edges,ok
3,46,6,4,session06_run04,484,379050,485,7485,3726,1,individual MRI TTL edges,ok
3,47,6,5,session06_run05,502,392600,503,7226,3855,1,individual MRI TTL edges,ok
3,48,6,6,session06_run06,495,387200,496,7415,3586,1,individual MRI TTL edges,ok
3,49,7,1,session07_run01,497,394550,498,13244,3587,1,individual MRI TTL edges,ok
3,50,7,2,session07_run02,514,425350,514,15828,18883,1,individual MRI TTL edges,ok
3,51,7,3,session07_run03,488,380300,489,6484,2937,1,individual MRI TTL edges,ok
3,52,7,4,session07_run04,481,376150,482,7026,3565,1,individual MRI TTL edges,ok
3,53,7,5,session07_run05,514,401350,514,6739,3972,1,individual MRI TTL edges,ok
3,54,7,6,session07_run06,488,380100,489,7231,1990,1,individual MRI TTL edges,ok
3,55,7,7,session07_run07,498,388250,499,7230,2541,1,individual MRI TTL edges,ok
3,56,7,8,session07_run08,489,381800,490,7340,2821,1,individual MRI TTL edges,ok
3,57,8,1,session08_run01,487,382900,488,10645,2136,1,individual MRI TTL edges,ok
3,58,8,2,session08_run02,483,385150,484,15577,2494,1,individual MRI TTL edges,ok
3,59,8,3,session08_run03,491,381750,491,7141,1450,1,individual MRI TTL edges,ok
3,60,8,4,session08_run04,481,377350,482,7622,4169,1,individual MRI TTL edges,ok
3,61,8,5,session08_run05,483,379250,484,6654,5517,1,individual MRI TTL edges,ok
3,62,8,6,session08_run06,487,379600,488,7114,2367,1,individual MRI TTL edges,ok
3,63,8,7,session08_run07,485,380100,486,7128,4373,1,individual MRI TTL edges,ok
3,64,8,8,session08_run08,490,383000,491,8615,1986,1,individual MRI TTL edges,ok
3,65,9,1,session09_run01,482,385800,483,18040,1441,1,individual MRI TTL edges,ok
3,66,9,2,session09_run02,478,373800,479,6874,3647,1,individual MRI TTL edges,ok
3,67,9,3,session09_run03,478,373650,479,7208,3163,1,individual MRI TTL edges,ok
3,68,9,4,session09_run04,494,386100,495,7251,3410,1,individual MRI TTL edges,ok
3,69,9,5,session09_run05,482,376300,483,7306,2675,1,individual MRI TTL edges,ok
3,70,9,6,session09_run06,479,374100,480,7874,2187,1,individual MRI TTL edges,ok
3,71,9,7,session09_run07,488,382000,489,7172,3949,1,individual MRI TTL edges,ok
3,72,10,1,session10_run01,489,380950,490,6643,2668,1,individual MRI TTL edges,ok
3,73,10,2,session10_run02,481,375500,482,7200,2741,1,individual MRI TTL edges,ok
3,74,10,3,session10_run03,484,379150,485,8682,2629,1,individual MRI TTL edges,ok
3,75,10,4,session10_run04,486,378800,487,7036,2405,1,individual MRI TTL edges,ok
3,76,10,5,session10_run05,510,398900,511,7401,3900,1,individual MRI TTL edges,ok
3,77,10,6,session10_run06,482,376550,483,7191,3040,1,individual MRI TTL edges,ok
3,78,10,7,session10_run07,486,379550,487,6787,3404,1,individual MRI TTL edges,ok
3,79,10,8,session10_run08,489,381400,490,7184,2577,1,individual MRI TTL edges,ok
3,80,10,9,session10_run09,480,374700,481,7035,2866,1,individual MRI TTL edges,ok
4,1,1,1,session01_run01,495,386800,496,7491,3110,1,individual MRI TTL edges,ok
4,2,1,2,session01_run02,497,388250,498,8021,2510,1,individual MRI TTL edges,ok
4,3,1,3,session01_run03,489,383750,490,9341,2770,1,individual MRI TTL edges,ok
4,4,1,4,session01_run04,489,382850,490,8121,3090,1,individual MRI TTL edges,ok
4,5,1,5,session01_run05,484,376750,485,6673,2238,1,individual MRI TTL edges,ok
4,6,1,6,session01_run06,496,388900,497,9455,2486,1,individual MRI TTL edges,ok
4,7,1,7,session01_run07,474,370050,475,6940,2871,1,individual MRI TTL edges,ok
4,8,1,8,session01_run08,474,370650,475,6820,3591,1,individual MRI TTL edges,ok
4,9,2,1,session02_run01,492,385100,493,8184,2997,1,individual MRI TTL edges,ok
4,10,2,2,session02_run02,499,389150,500,6811,3100,1,individual MRI TTL edges,ok
4,11,2,3,session02_run03,473,369500,474,7777,2244,1,individual MRI TTL edges,ok
4,12,2,4,session02_run04,492,384450,493,8262,2269,1,individual MRI TTL edges,ok
4,13,2,5,session02_run05,500,391850,501,8689,3162,1,individual MRI TTL edges,ok
4,14,2,6,session02_run06,489,381500,490,7171,2690,1,individual MRI TTL edges,ok
4,15,2,7,session02_run07,489,382600,490,7355,3606,1,individual MRI TTL edges,ok
4,16,3,1,session03_run01,490,383400,491,9417,1584,1,individual MRI TTL edges,ok
4,17,3,2,session03_run02,489,389800,490,15925,2236,1,individual MRI TTL edges,ok
4,18,3,3,session03_run03,477,371900,478,7215,2166,1,individual MRI TTL edges,ok
4,19,3,4,session03_run04,482,377600,483,7374,3907,1,individual MRI TTL edges,ok
4,20,3,5,session03_run05,491,383450,492,7401,2890,1,individual MRI TTL edges,ok
4,21,4,1,session04_run01,489,399250,490,25810,1801,1,individual MRI TTL edges,ok
4,22,4,2,session04_run02,486,379100,487,7542,2199,1,individual MRI TTL edges,ok
4,23,4,3,session04_run03,489,382400,490,8657,2104,1,individual MRI TTL edges,ok
4,24,4,4,session04_run04,490,382550,491,7515,2636,1,individual MRI TTL edges,ok
4,25,4,5,session04_run05,488,382850,489,7694,4277,1,individual MRI TTL edges,ok
4,26,5,1,session05_run01,488,393100,489,7137,15084,1,individual MRI TTL edges,ok
4,27,5,2,session05_run02,491,391150,492,15710,2281,1,individual MRI TTL edges,ok
4,28,5,3,session05_run03,487,379100,488,6971,2010,1,individual MRI TTL edges,ok
4,29,5,4,session05_run04,494,385700,495,8144,2117,1,individual MRI TTL edges,ok
4,30,5,5,session05_run05,488,380400,488,7033,2488,1,individual MRI TTL edges,ok
4,31,6,1,session06_run01,493,385650,494,7665,3306,1,individual MRI TTL edges,ok
4,32,6,2,session06_run02,480,376000,481,6888,4313,1,individual MRI TTL edges,ok
4,33,6,3,session06_run03,494,384350,495,6956,1955,1,individual MRI TTL edges,ok
4,34,6,4,session06_run04,489,381150,490,7011,2500,1,individual MRI TTL edges,ok
4,35,6,5,session06_run05,496,387800,497,7717,3124,1,individual MRI TTL edges,ok
4,36,7,1,session07_run01,487,379600,488,7000,2481,1,individual MRI TTL edges,ok
4,37,7,2,session07_run02,481,382850,482,14908,2383,1,individual MRI TTL edges,ok
4,38,7,3,session07_run03,499,388350,500,6923,2188,1,individual MRI TTL edges,ok
4,39,7,4,session07_run04,495,386750,496,7563,2988,1,individual MRI TTL edges,ok
4,40,7,5,session07_run05,491,383650,492,7465,3026,1,individual MRI TTL edges,ok
4,41,8,1,session08_run01,482,375000,483,6680,2001,1,individual MRI TTL edges,ok
4,42,8,2,session08_run02,482,375350,483,6987,2044,1,individual MRI TTL edges,ok
4,43,8,3,session08_run03,484,379250,485,8875,2536,1,individual MRI TTL edges,ok
4,44,8,4,session08_run04,478,372850,479,6751,2820,1,individual MRI TTL edges,ok
4,45,8,5,session08_run05,493,385050,493,7038,3333,1,individual MRI TTL edges,ok
4,46,9,1,session09_run01,492,383900,493,7515,2466,1,individual MRI TTL edges,ok
4,47,9,2,session09_run02,502,391600,503,6983,3098,1,individual MRI TTL edges,ok
4,48,9,3,session09_run03,509,398500,510,6378,5283,1,individual MRI TTL edges,ok
4,49,9,4,session09_run04,514,400800,514,7023,3138,1,individual MRI TTL edges,ok
4,50,9,5,session09_run05,491,383200,492,6917,3124,1,individual MRI TTL edges,ok
4,51,10,1,session10_run01,507,395050,508,7051,2680,1,individual MRI TTL edges,ok
4,52,10,2,session10_run02,506,401050,507,6700,9791,1,individual MRI TTL edges,ok
4,53,10,3,session10_run03,498,388350,499,6926,2945,1,individual MRI TTL edges,ok
4,54,10,4,session10_run04,505,393550,506,6812,2939,1,individual MRI TTL edges,ok
4,55,10,5,session10_run05,498,388300,499,7057,2764,1,individual MRI TTL edges,ok
4,56,11,1,session11_run01,512,398300,513,6590,2591,1,individual MRI TTL edges,ok
4,57,11,2,session11_run02,503,399650,504,15185,2186,1,individual MRI TTL edges,ok
4,58,11,3,session11_run03,500,389600,501,7007,2594,1,individual MRI TTL edges,ok
4,59,11,4,session11_run04,512,398450,513,6502,2829,1,individual MRI TTL edges,ok
4,60,11,5,session11_run05,502,391600,503,6912,3169,1,individual MRI TTL edges,ok
4,61,12,1,session12_run01,514,402700,514,6731,5330,1,individual MRI TTL edges,ok
4,62,12,2,session12_run02,499,398100,500,16027,2834,1,individual MRI TTL edges,ok
4,63,12,3,session12_run03,506,395600,507,8454,2587,1,individual MRI TTL edges,ok
4,64,12,4,session12_run04,510,397400,511,8020,1781,1,individual MRI TTL edges,ok
4,65,12,5,session12_run05,509,396550,510,6769,2942,1,individual MRI TTL edges,ok
4,66,13,1,session13_run01,512,399200,513,6711,3370,1,individual MRI TTL edges,ok
4,67,13,2,session13_run02,494,394400,495,16462,2499,1,individual MRI TTL edges,ok
4,68,13,3,session13_run03,501,392150,502,7450,3941,1,individual MRI TTL edges,ok
4,69,13,4,session13_run04,504,392900,505,6560,3301,1,individual MRI TTL edges,ok
4,70,13,5,session13_run05,510,397300,511,6569,3132,1,individual MRI TTL edges,ok
4,71,14,1,session14_run01,508,396400,509,7320,3001,1,individual MRI TTL edges,ok
4,72,14,2,session14_run02,510,402750,511,11690,3461,1,individual MRI TTL edges,ok
4,73,14,3,session14_run03,501,390400,502,7116,2525,1,individual MRI TTL edges,ok
4,74,14,4,session14_run04,514,400050,514,6946,2465,1,individual MRI TTL edges,ok
4,75,14,5,session14_run05,506,394050,507,6756,2735,1,individual MRI TTL edges,ok
4,76,15,1,session15_run01,511,397850,512,6635,2856,1,individual MRI TTL edges,ok
4,77,15,2,session15_run02,504,402700,505,15434,4227,1,individual MRI TTL edges,ok
4,78,15,3,session15_run03,489,382850,490,6620,4591,1,individual MRI TTL edges,ok
4,79,15,4,session15_run04,497,388050,498,7342,2989,1,individual MRI TTL edges,ok
4,80,15,5,session15_run05,514,402050,514,7504,3907,1,individual MRI TTL edges,ok
5,1,1,1,session01_run01,480,376600,481,7551,4250,1,individual MRI TTL edges,ok
5,2,1,2,session01_run02,479,381650,480,14343,3268,1,individual MRI TTL edges,ok
5,3,1,3,session01_run03,473,375650,474,7042,9129,1,individual MRI TTL edges,ok
5,4,1,4,session01_run04,490,382750,491,7172,3179,1,individual MRI TTL edges,ok
5,5,1,5,session01_run05,505,406250,506,7267,15184,1,individual MRI TTL edges,ok
5,6,2,1,session02_run01,500,393900,501,12028,1873,1,individual MRI TTL edges,ok
5,7,2,2,session02_run02,480,384200,481,15146,4255,1,individual MRI TTL edges,ok
5,8,2,3,session02_run03,483,378450,484,7818,3553,1,individual MRI TTL edges,ok
5,9,2,4,session02_run04,491,382650,492,6809,2682,1,individual MRI TTL edges,ok
5,10,2,5,session02_run05,498,388050,499,6791,2780,1,individual MRI TTL edges,ok
5,11,3,1,session03_run01,487,382550,488,10002,2429,1,individual MRI TTL edges,ok
5,12,3,2,session03_run02,482,375700,483,6895,2486,1,individual MRI TTL edges,ok
5,13,3,3,session03_run03,481,375100,482,7158,2383,1,individual MRI TTL edges,ok
5,14,3,4,session03_run04,483,378300,484,7700,3521,1,individual MRI TTL edges,ok
5,15,3,5,session03_run05,488,380500,488,6982,2639,1,individual MRI TTL edges,ok
5,16,4,1,session04_run01,500,398450,501,15750,2701,1,individual MRI TTL edges,ok
5,17,4,2,session04_run02,493,394800,494,15928,4193,1,individual MRI TTL edges,ok
5,18,4,3,session04_run03,482,376200,483,7306,2575,1,individual MRI TTL edges,ok
5,19,4,4,session04_run04,480,373800,481,6882,2119,1,individual MRI TTL edges,ok
5,20,4,5,session04_run05,493,384200,494,7041,2480,1,individual MRI TTL edges,ok
5,21,5,1,session05_run01,488,390900,489,15927,4094,1,individual MRI TTL edges,ok
5,22,5,2,session05_run02,489,381600,490,6078,3883,1,individual MRI TTL edges,ok
5,23,5,3,session05_run03,485,379700,486,6883,4218,1,individual MRI TTL edges,ok
5,24,5,4,session05_run04,496,395300,496,7338,11003,1,individual MRI TTL edges,ok
5,25,5,5,session05_run05,495,388550,496,7474,4877,1,individual MRI TTL edges,ok
5,26,6,1,session06_run01,491,385150,492,7496,4495,1,individual MRI TTL edges,ok
5,27,6,2,session06_run02,486,379400,487,7460,2581,1,individual MRI TTL edges,ok
5,28,6,3,session06_run03,495,387750,496,7584,3967,1,individual MRI TTL edges,ok
5,29,6,4,session06_run04,500,390150,501,7076,3075,1,individual MRI TTL edges,ok
5,30,6,5,session06_run05,492,383750,493,6706,3125,1,individual MRI TTL edges,ok
5,31,7,1,session07_run01,510,410600,511,20536,2465,1,individual MRI TTL edges,ok
5,32,7,2,session07_run02,509,405300,510,16423,2038,1,individual MRI TTL edges,ok
5,33,7,3,session07_run03,506,393200,507,6093,2548,1,individual MRI TTL edges,ok
5,34,7,4,session07_run04,499,389850,500,7129,3482,1,individual MRI TTL edges,ok
5,35,7,5,session07_run05,502,390950,503,6621,2810,1,individual MRI TTL edges,ok
5,36,8,1,session08_run01,494,386800,495,8589,2772,1,individual MRI TTL edges,ok
5,37,8,2,session08_run02,496,386400,497,7338,2103,1,individual MRI TTL edges,ok
5,38,8,3,session08_run03,491,384250,492,6282,4809,1,individual MRI TTL edges,ok
5,39,8,4,session08_run04,502,391650,503,7354,2777,1,individual MRI TTL edges,ok
5,40,8,5,session08_run05,513,402150,514,7157,5114,1,individual MRI TTL edges,ok
5,41,9,1,session09_run01,485,378750,486,6489,3662,1,individual MRI TTL edges,ok
5,42,9,2,session09_run02,506,390250,507,3132,2559,1,individual MRI TTL edges,ok
5,43,9,3,session09_run03,495,386150,496,6623,3328,1,individual MRI TTL edges,ok
5,44,9,4,session09_run04,502,391250,503,6894,2837,1,individual MRI TTL edges,ok
5,45,10,1,session10_run01,503,391850,504,6635,2936,1,individual MRI TTL edges,ok
5,46,10,2,session10_run02,514,408950,514,15480,2831,1,individual MRI TTL edges,ok
5,47,10,3,session10_run03,505,393450,506,7166,2485,1,individual MRI TTL edges,ok
5,48,10,4,session10_run04,514,405500,514,10039,4822,1,individual MRI TTL edges,ok
5,49,10,5,session10_run05,514,398550,514,6206,1705,1,individual MRI TTL edges,ok
5,50,11,1,session11_run01,504,392400,505,6736,2625,1,individual MRI TTL edges,ok
5,51,11,2,session11_run02,494,385800,495,5211,5150,1,individual MRI TTL edges,ok
5,52,11,3,session11_run03,505,396300,506,7436,5065,1,individual MRI TTL edges,ok
5,53,11,4,session11_run04,500,393250,501,7146,6105,1,individual MRI TTL edges,ok
5,54,11,5,session11_run05,511,399300,512,7291,3650,1,individual MRI TTL edges,ok
5,55,12,1,session12_run01,498,388750,499,6621,3650,1,individual MRI TTL edges,ok
5,56,12,2,session12_run02,504,402550,505,16899,2612,1,individual MRI TTL edges,ok
5,57,12,3,session12_run03,507,396600,508,7284,3997,1,individual MRI TTL edges,ok
5,58,12,4,session12_run04,492,383800,493,6670,3211,1,individual MRI TTL edges,ok
5,59,12,5,session12_run05,495,389000,496,6831,5970,1,individual MRI TTL edges,ok
5,60,13,1,session13_run01,510,397550,511,6551,3400,1,individual MRI TTL edges,ok
5,61,13,2,session13_run02,496,388200,497,8893,2348,1,individual MRI TTL edges,ok
5,62,13,3,session13_run03,500,390250,501,6977,3274,1,individual MRI TTL edges,ok
5,63,13,4,session13_run04,506,395800,507,7382,3859,1,individual MRI TTL edges,ok
5,64,13,5,session13_run05,504,392100,505,6486,2575,1,individual MRI TTL edges,ok
5,65,14,1,session14_run01,498,387850,499,6848,2523,1,individual MRI TTL edges,ok
5,66,14,2,session14_run02,500,398450,501,15697,2754,1,individual MRI TTL edges,ok
5,67,14,3,session14_run03,495,388400,496,6798,5403,1,individual MRI TTL edges,ok
5,68,14,4,session14_run04,499,389250,500,6678,3333,1,individual MRI TTL edges,ok
5,69,14,5,session14_run05,504,391550,505,5569,2942,1,individual MRI TTL edges,ok
5,70,14,6,session14_run06,508,398050,509,6835,5136,1,individual MRI TTL edges,ok
5,71,15,1,session15_run01,493,408600,494,18309,15612,1,individual MRI TTL edges,ok
5,72,15,2,session15_run02,488,386450,489,12085,3486,1,individual MRI TTL edges,ok
5,73,15,3,session15_run03,503,389050,503,7326,-555,1,individual MRI TTL edges,incomplete raw respiratory coverage
5,74,15,4,session15_run04,493,393100,494,15797,2624,1,individual MRI TTL edges,ok
5,75,15,5,session15_run05,490,382750,491,5237,5114,1,individual MRI TTL edges,ok
5,76,16,1,session16_run01,492,390150,493,12075,4156,1,individual MRI TTL edges,ok
5,77,16,2,session16_run02,491,387350,492,8886,5305,1,individual MRI TTL edges,ok
5,78,16,3,session16_run03,497,389250,498,6758,4773,1,individual MRI TTL edges,ok
5,79,16,4,session16_run04,491,389150,492,8839,7152,1,individual MRI TTL edges,ok
5,80,16,5,session16_run05,489,389050,490,7863,9548,1,individual MRI TTL edges,ok
6,1,1,1,session01_run01,514,399750,514,7175,1936,1,individual MRI TTL edges,ok
6,2,1,2,session01_run02,509,395600,510,6631,2130,1,individual MRI TTL edges,ok
6,3,1,3,session01_run03,498,388300,499,7281,2540,1,individual MRI TTL edges,ok
6,4,1,4,session01_run04,500,416950,501,7401,29550,1,individual MRI TTL edges,ok
6,5,1,5,session01_run05,506,394300,507,7406,2335,1,individual MRI TTL edges,ok
6,6,1,6,session01_run06,499,388600,500,6636,2725,1,individual MRI TTL edges,ok
6,7,1,7,session01_run07,493,384750,494,6699,3372,1,individual MRI TTL edges,ok
6,8,1,8,session01_run08,503,391800,504,6610,2911,1,individual MRI TTL edges,ok
6,9,2,1,session02_run01,509,394750,510,5612,2299,1,individual MRI TTL edges,ok
6,10,2,2,session02_run02,503,392150,504,6759,3112,1,individual MRI TTL edges,ok
6,11,2,3,session02_run03,495,386200,496,6766,3235,1,individual MRI TTL edges,ok
6,12,2,4,session02_run04,513,399600,514,7034,2687,1,individual MRI TTL edges,ok
6,13,2,5,session02_run05,505,393300,506,7023,2478,1,individual MRI TTL edges,ok
6,14,2,6,session02_run06,497,388700,498,6930,4051,1,individual MRI TTL edges,ok
6,15,2,7,session02_run07,502,391800,502,7720,2561,1,individual MRI TTL edges,ok
6,16,2,8,session02_run08,514,401700,514,6239,4822,1,individual MRI TTL edges,ok
6,17,3,1,session03_run01,503,391200,504,6581,2340,1,individual MRI TTL edges,ok
6,18,3,2,session03_run02,491,383700,492,8104,2437,1,individual MRI TTL edges,ok
6,19,3,3,session03_run03,508,395800,509,7077,2644,1,individual MRI TTL edges,ok
6,20,3,4,session03_run04,502,391250,503,6250,3481,1,individual MRI TTL edges,ok
6,21,3,5,session03_run05,502,390800,503,6658,2623,1,individual MRI TTL edges,ok
6,22,3,6,session03_run06,491,384900,492,7821,3920,1,individual MRI TTL edges,ok
6,23,3,7,session03_run07,510,397250,511,6947,2704,1,individual MRI TTL edges,ok
6,24,3,8,session03_run08,490,381100,491,6056,2645,1,individual MRI TTL edges,ok
6,25,4,1,session04_run01,493,383650,494,6673,2298,1,individual MRI TTL edges,ok
6,26,4,2,session04_run02,501,389950,502,6491,2700,1,individual MRI TTL edges,ok
6,27,4,3,session04_run03,514,402100,514,7604,3857,1,individual MRI TTL edges,ok
6,28,4,4,session04_run04,506,394200,507,6927,2714,1,individual MRI TTL edges,ok
6,29,4,5,session04_run05,514,401700,514,6646,4415,1,individual MRI TTL edges,ok
6,30,4,6,session04_run06,510,412850,511,16833,8418,1,individual MRI TTL edges,ok
6,31,4,7,session04_run07,512,398650,513,6644,2887,1,individual MRI TTL edges,ok
6,32,4,8,session04_run08,514,402500,514,6944,4917,1,individual MRI TTL edges,ok
6,33,5,1,session05_run01,497,393500,498,6658,9123,1,individual MRI TTL edges,ok
6,34,5,2,session05_run02,492,385000,493,7021,4060,1,individual MRI TTL edges,ok
6,35,5,3,session05_run03,501,391450,502,6812,3879,1,individual MRI TTL edges,ok
6,36,5,4,session05_run04,501,390350,502,6557,3034,1,individual MRI TTL edges,ok
6,37,5,5,session05_run05,503,393400,504,6591,4530,1,individual MRI TTL edges,ok
6,38,5,6,session05_run06,489,382150,490,6752,3759,1,individual MRI TTL edges,ok
6,39,5,7,session05_run07,492,387050,493,9875,3256,1,individual MRI TTL edges,ok
6,40,5,8,session05_run08,495,385350,496,6486,2665,1,individual MRI TTL edges,ok
6,41,6,1,session06_run01,501,389600,502,6588,2253,1,individual MRI TTL edges,ok
6,42,6,2,session06_run02,513,407650,514,14906,2865,1,individual MRI TTL edges,ok
6,43,6,3,session06_run03,514,399450,514,6467,2344,1,individual MRI TTL edges,ok
6,44,6,4,session06_run04,514,408950,514,6772,11539,1,individual MRI TTL edges,ok
6,45,6,5,session06_run05,514,402350,514,7608,4103,1,individual MRI TTL edges,ok
6,46,6,6,session06_run06,492,382800,492,7046,1835,1,individual MRI TTL edges,ok
6,47,7,1,session07_run01,509,396500,510,6999,2662,1,individual MRI TTL edges,ok
6,48,7,2,session07_run02,507,394350,508,6785,2246,1,individual MRI TTL edges,ok
6,49,7,3,session07_run03,507,395000,508,6753,2928,1,individual MRI TTL edges,ok
6,50,7,4,session07_run04,502,390750,503,6846,2385,1,individual MRI TTL edges,ok
6,51,7,5,session07_run05,501,391700,502,7048,3893,1,individual MRI TTL edges,ok
6,52,7,6,session07_run06,503,392700,504,6985,3436,1,individual MRI TTL edges,ok
6,53,7,7,session07_run07,502,391700,503,6330,3851,1,individual MRI TTL edges,ok
6,54,7,8,session07_run08,499,389300,500,7347,2714,1,individual MRI TTL edges,ok
6,55,8,1,session08_run01,506,394450,507,6768,3123,1,individual MRI TTL edges,ok
6,56,8,2,session08_run02,509,396450,510,7304,2307,1,individual MRI TTL edges,ok
6,57,8,3,session08_run03,504,392900,505,7243,2618,1,individual MRI TTL edges,ok
6,58,8,4,session08_run04,508,396800,509,7162,3559,1,individual MRI TTL edges,ok
6,59,8,5,session08_run05,500,389750,501,6988,2763,1,individual MRI TTL edges,ok
6,60,8,6,session08_run06,503,394150,504,7623,4248,1,individual MRI TTL edges,ok
6,61,8,7,session08_run07,502,391250,503,6689,3042,1,individual MRI TTL edges,ok
6,62,8,8,session08_run08,497,388000,498,5970,4311,1,individual MRI TTL edges,ok
6,63,8,9,session08_run09,502,390700,503,6429,2752,1,individual MRI TTL edges,ok
6,64,9,1,session09_run01,507,404400,508,15854,3227,1,individual MRI TTL edges,ok
6,65,9,2,session09_run02,494,394650,495,14613,4598,1,individual MRI TTL edges,ok
6,66,9,3,session09_run03,514,403600,514,6856,6105,1,individual MRI TTL edges,ok
6,67,9,4,session09_run04,494,385850,495,7161,3250,1,individual MRI TTL edges,ok
6,68,9,5,session09_run05,514,412100,514,6617,14844,1,individual MRI TTL edges,ok
6,69,9,6,session09_run06,492,384300,493,7042,3339,1,individual MRI TTL edges,ok
6,70,9,7,session09_run07,504,394350,505,7395,3916,1,individual MRI TTL edges,ok
6,71,9,8,session09_run08,502,391650,503,7207,2924,1,individual MRI TTL edges,ok
6,72,9,9,session09_run09,514,401950,514,6915,4396,1,individual MRI TTL edges,ok
6,73,10,1,session10_run01,508,410350,509,16535,7736,1,individual MRI TTL edges,ok
6,74,10,2,session10_run02,506,400500,507,13579,2362,1,individual MRI TTL edges,ok
6,75,10,3,session10_run03,501,392300,502,7045,4496,1,individual MRI TTL edges,ok
6,76,10,4,session10_run04,503,393200,504,7274,3647,1,individual MRI TTL edges,ok
6,77,10,5,session10_run05,510,396450,511,6578,2273,1,individual MRI TTL edges,ok
6,78,10,6,session10_run06,505,402750,506,15492,3459,1,individual MRI TTL edges,ok
6,79,10,7,session10_run07,491,384800,492,8297,3344,1,individual MRI TTL edges,ok
6,80,10,8,session10_run08,492,384650,492,6751,3980,1,individual MRI TTL edges,ok
