subject,run_ordinal,session_id,run_id,run_label,nframes,raw_samples,mri_ttl_rises,bm_mri_onset_sample,coverage_margin_samples,individual_ttl_validated,final_volume_replacement_required,alignment_method,status
2,1,1,1,session01_run01,476,403250,477,39087,2408,1,0,individual MRI TTL edges,ok
2,2,1,2,session01_run02,490,381850,491,6619,2837,1,0,individual MRI TTL edges,ok
2,3,1,3,session01_run03,482,377650,483,7862,3474,1,0,individual MRI TTL edges,ok
2,4,1,4,session01_run04,479,373850,480,6751,3065,1,0,individual MRI TTL edges,ok
2,5,1,5,session01_run05,488,380150,489,6925,2350,1,0,individual MRI TTL edges,ok
2,6,1,6,session01_run06,488,380350,489,6545,2930,1,0,individual MRI TTL edges,ok
2,7,1,7,session01_run07,487,378850,488,6635,2100,1,0,individual MRI TTL edges,ok
2,8,1,8,session01_run08,484,378200,485,6874,3492,1,0,individual MRI TTL edges,ok
2,9,1,9,session01_run09,489,392300,490,17260,3405,1,0,individual MRI TTL edges,ok
2,10,1,10,session01_run10,492,384900,493,7412,3574,1,0,individual MRI TTL edges,ok
2,11,2,1,session02_run01,498,393382,499,12295,2612,1,0,individual MRI TTL edges,ok
2,12,2,2,session02_run02,489,382250,490,8372,2244,1,0,individual MRI TTL edges,ok
2,13,2,3,session02_run03,496,387180,496,7884,2342,1,0,individual MRI TTL edges,ok
2,14,2,4,session02_run04,488,381500,489,7827,2798,1,0,individual MRI TTL edges,ok
2,15,2,5,session02_run05,472,369682,473,8108,2860,1,0,individual MRI TTL edges,ok
2,16,2,6,session02_run06,488,380450,489,7134,2441,1,0,individual MRI TTL edges,ok
2,17,2,7,session02_run07,487,380382,488,7928,2339,1,0,individual MRI TTL edges,ok
2,18,2,8,session02_run08,485,378540,486,7374,2572,1,0,individual MRI TTL edges,ok
2,19,2,9,session02_run09,492,385241,493,8060,3266,1,0,individual MRI TTL edges,ok
2,20,2,10,session02_run10,485,379250,486,8577,2078,1,0,individual MRI TTL edges,ok
2,21,3,1,session03_run01,489,389500,490,14244,3622,1,0,individual MRI TTL edges,ok
2,22,3,2,session03_run02,491,392000,492,16258,2588,1,0,individual MRI TTL edges,ok
2,23,3,3,session03_run03,482,378650,483,8933,3402,1,0,individual MRI TTL edges,ok
2,24,3,4,session03_run04,514,404500,514,6743,7123,1,0,individual MRI TTL edges,ok
2,25,3,5,session03_run05,504,392600,505,7139,2426,1,0,individual MRI TTL edges,ok
2,26,3,6,session03_run06,493,383900,494,6841,2384,1,0,individual MRI TTL edges,ok
2,27,3,7,session03_run07,477,371200,478,6723,1962,1,0,individual MRI TTL edges,ok
2,28,3,8,session03_run08,476,380300,477,13904,4641,1,0,individual MRI TTL edges,ok
2,29,3,9,session03_run09,490,391400,491,16995,2010,1,0,individual MRI TTL edges,ok
2,30,3,10,session03_run10,491,382200,491,7038,2007,1,0,individual MRI TTL edges,ok
2,31,4,1,session04_run01,495,393650,496,14875,2580,1,0,individual MRI TTL edges,ok
2,32,4,2,session04_run02,482,376900,483,7240,3345,1,0,individual MRI TTL edges,ok
2,33,4,3,session04_run03,487,384200,488,9472,4613,1,0,individual MRI TTL edges,ok
2,34,4,4,session04_run04,491,382700,492,6985,2560,1,0,individual MRI TTL edges,ok
2,35,4,5,session04_run05,482,376550,483,6737,3498,1,0,individual MRI TTL edges,ok
2,36,5,1,session05_run01,482,375700,483,6990,2395,1,0,individual MRI TTL edges,ok
2,37,5,2,session05_run02,493,393000,494,15196,3129,1,0,individual MRI TTL edges,ok
2,38,5,3,session05_run03,481,383600,482,14997,3049,1,0,individual MRI TTL edges,ok
2,39,5,4,session05_run04,514,412000,514,16675,4691,1,0,individual MRI TTL edges,ok
2,40,5,5,session05_run05,505,393000,506,6785,2421,1,0,individual MRI TTL edges,ok
2,41,6,1,session06_run01,497,387250,498,7218,2317,1,0,individual MRI TTL edges,ok
2,42,6,2,session06_run02,496,396200,497,16354,2891,1,0,individual MRI TTL edges,ok
2,43,6,3,session06_run03,491,382850,492,6855,2840,1,0,individual MRI TTL edges,ok
2,44,7,1,session07_run01,490,381500,491,6305,2800,1,0,individual MRI TTL edges,ok
2,45,7,2,session07_run02,485,385950,485,15418,1937,1,0,individual MRI TTL edges,ok
2,46,7,3,session07_run03,487,379100,488,6759,2226,1,0,individual MRI TTL edges,ok
2,47,7,4,session07_run04,473,368400,474,7178,1748,1,0,individual MRI TTL edges,ok
2,48,7,5,session07_run05,492,383800,493,7287,2598,1,0,individual MRI TTL edges,ok
2,49,8,1,session08_run01,487,379550,488,7365,2070,1,0,individual MRI TTL edges,ok
2,50,8,2,session08_run02,485,378850,486,6679,3576,1,0,individual MRI TTL edges,ok
2,51,8,3,session08_run03,495,385900,496,7641,2064,1,0,individual MRI TTL edges,ok
2,52,8,4,session08_run04,485,378900,486,6966,3339,1,0,individual MRI TTL edges,ok
2,53,8,5,session08_run05,490,383100,491,8061,2645,1,0,individual MRI TTL edges,ok
2,54,9,1,session09_run01,500,388000,501,6080,1925,1,0,individual MRI TTL edges,ok
2,55,9,2,session09_run02,480,375450,481,6793,3863,1,0,individual MRI TTL edges,ok
2,56,9,3,session09_run03,475,369750,476,6919,1836,1,0,individual MRI TTL edges,ok
2,57,9,4,session09_run04,499,388900,500,7036,2629,1,0,individual MRI TTL edges,ok
2,58,9,5,session09_run05,484,376850,484,6424,2592,1,0,individual MRI TTL edges,ok
2,59,10,1,session10_run01,478,373300,479,6790,3235,1,0,individual MRI TTL edges,ok
2,60,10,2,session10_run02,482,378700,483,7145,5240,1,0,individual MRI TTL edges,ok
2,61,10,3,session10_run03,480,372850,480,6114,1942,1,0,individual MRI TTL edges,ok
2,62,10,4,session10_run04,493,384050,494,6778,2598,1,0,individual MRI TTL edges,ok
2,63,10,5,session10_run05,485,378850,486,6755,3500,1,0,individual MRI TTL edges,ok
2,64,10,6,session10_run06,479,374650,480,7234,3382,1,0,individual MRI TTL edges,ok
2,65,11,1,session11_run01,499,388100,500,6639,2227,1,0,individual MRI TTL edges,ok
2,66,11,2,session11_run02,514,401500,514,6379,4487,1,0,individual MRI TTL edges,ok
2,67,11,3,session11_run03,507,395100,508,6577,3208,1,0,individual MRI TTL edges,ok
2,68,11,4,session11_run04,500,390050,501,6834,3221,1,0,individual MRI TTL edges,ok
2,69,11,5,session11_run05,501,401750,502,15408,5587,1,0,individual MRI TTL edges,ok
2,70,12,1,session12_run01,499,389100,500,7293,2572,1,0,individual MRI TTL edges,ok
2,71,12,2,session12_run02,498,398450,499,15056,4919,1,0,individual MRI TTL edges,ok
2,72,12,3,session12_run03,502,390400,503,6355,2531,1,0,individual MRI TTL edges,ok
2,73,12,4,session12_run04,500,389650,501,7250,2405,1,0,individual MRI TTL edges,ok
2,74,12,5,session12_run05,514,399000,514,6754,1612,1,0,individual MRI TTL edges,ok
2,75,12,6,session12_run06,503,391550,504,7602,1674,1,0,individual MRI TTL edges,ok
2,76,13,1,session13_run01,501,389600,502,7124,1721,1,0,individual MRI TTL edges,ok
2,77,13,2,session13_run02,514,409200,514,15745,2820,1,0,individual MRI TTL edges,ok
2,78,13,3,session13_run03,507,394900,508,7270,2316,1,0,individual MRI TTL edges,ok
2,79,13,4,session13_run04,514,402800,514,10338,1828,1,0,individual MRI TTL edges,ok
2,80,13,5,session13_run05,514,400900,514,7196,3070,1,0,individual MRI TTL edges,ok
3,1,1,1,session01_run01,489,396500,490,22474,2391,1,0,individual MRI TTL edges,ok
3,2,1,2,session01_run02,484,385400,485,15551,2014,1,0,individual MRI TTL edges,ok
3,3,1,3,session01_run03,480,375100,481,7715,2591,1,0,individual MRI TTL edges,ok
3,4,1,4,session01_run04,490,380250,491,5201,2654,1,0,individual MRI TTL edges,ok
3,5,1,5,session01_run05,498,389500,499,7030,3995,1,0,individual MRI TTL edges,ok
3,6,1,6,session01_run06,483,416350,484,46121,3154,1,0,individual MRI TTL edges,ok
3,7,1,7,session01_run07,487,379650,488,6670,2865,1,0,individual MRI TTL edges,ok
3,8,1,8,session01_run08,495,386400,496,8036,2169,1,0,individual MRI TTL edges,ok
3,9,1,9,session01_run09,485,390850,486,18632,3623,1,0,individual MRI TTL edges,ok
3,10,1,10,session01_run10,486,380050,487,7112,3584,1,0,individual MRI TTL edges,ok
3,11,2,1,session02_run01,473,385400,474,22512,3413,1,0,individual MRI TTL edges,ok
3,12,2,2,session02_run02,496,395250,497,15362,2933,1,0,individual MRI TTL edges,ok
3,13,2,3,session02_run03,495,389050,496,8908,3947,1,0,individual MRI TTL edges,ok
3,14,2,4,session02_run04,496,390650,497,7955,5740,1,0,individual MRI TTL edges,ok
3,15,2,5,session02_run05,488,383800,489,9698,3228,1,0,individual MRI TTL edges,ok
3,16,2,6,session02_run06,482,378550,483,8461,3774,1,0,individual MRI TTL edges,ok
3,17,2,7,session02_run07,475,371100,476,7269,2836,1,0,individual MRI TTL edges,ok
3,18,2,8,session02_run08,488,380350,489,6834,2641,1,0,individual MRI TTL edges,ok
3,19,3,1,session03_run01,483,376400,484,6494,2831,1,0,individual MRI TTL edges,ok
3,20,3,2,session03_run02,490,390000,491,15179,2426,1,0,individual MRI TTL edges,ok
3,21,3,3,session03_run03,498,387400,499,7098,1827,1,0,individual MRI TTL edges,ok
3,22,3,4,session03_run04,503,391500,504,6658,2567,1,0,individual MRI TTL edges,ok
3,23,3,5,session03_run05,490,383200,491,8050,2755,1,0,individual MRI TTL edges,ok
3,24,3,6,session03_run06,486,378550,487,6850,2345,1,0,individual MRI TTL edges,ok
3,25,3,7,session03_run07,482,377800,483,8434,3051,1,0,individual MRI TTL edges,ok
3,26,3,8,session03_run08,480,374950,481,7375,2780,1,0,individual MRI TTL edges,ok
3,27,4,1,session04_run01,485,378200,486,7216,2389,1,0,individual MRI TTL edges,ok
3,28,4,2,session04_run02,489,390650,490,15792,3223,1,0,individual MRI TTL edges,ok
3,29,4,3,session04_run03,485,382150,485,9789,3766,1,0,individual MRI TTL edges,ok
3,30,4,4,session04_run04,486,387700,487,15119,3226,1,0,individual MRI TTL edges,ok
3,31,4,5,session04_run05,490,381700,491,6684,2621,1,0,individual MRI TTL edges,ok
3,32,4,6,session04_run06,495,387000,496,8373,2432,1,0,individual MRI TTL edges,ok
3,33,4,7,session04_run07,504,394400,505,8421,2945,1,0,individual MRI TTL edges,ok
3,34,4,8,session04_run08,496,387150,497,7021,3174,1,0,individual MRI TTL edges,ok
3,35,5,1,session05_run01,477,376300,478,9551,4234,1,0,individual MRI TTL edges,ok
3,36,5,2,session05_run02,503,390050,504,5041,2734,1,0,individual MRI TTL edges,ok
3,37,5,3,session05_run03,486,380750,487,8133,3262,1,0,individual MRI TTL edges,ok
3,38,5,4,session05_run04,481,378650,482,8645,4451,1,0,individual MRI TTL edges,ok
3,39,5,5,session05_run05,501,390750,502,7723,2273,1,0,individual MRI TTL edges,ok
3,40,5,6,session05_run06,494,385000,495,7923,1642,1,0,individual MRI TTL edges,ok
3,41,5,7,session05_run07,472,368500,473,7040,2745,1,0,individual MRI TTL edges,ok
3,42,5,8,session05_run08,477,374850,478,7186,5149,1,0,individual MRI TTL edges,ok
3,43,6,1,session06_run01,483,379150,484,8615,3460,1,0,individual MRI TTL edges,ok
3,44,6,2,session06_run02,514,412250,514,15206,6409,1,0,individual MRI TTL edges,ok
3,45,6,3,session06_run03,485,378700,485,7586,2519,1,0,individual MRI TTL edges,ok
3,46,6,4,session06_run04,484,379050,485,7485,3730,1,0,individual MRI TTL edges,ok
3,47,6,5,session06_run05,502,392600,503,7226,3860,1,0,individual MRI TTL edges,ok
3,48,6,6,session06_run06,495,387200,496,7415,3591,1,0,individual MRI TTL edges,ok
3,49,7,1,session07_run01,497,394550,498,13244,3591,1,0,individual MRI TTL edges,ok
3,50,7,2,session07_run02,514,425350,514,15828,18887,1,0,individual MRI TTL edges,ok
3,51,7,3,session07_run03,488,380300,489,6484,2941,1,0,individual MRI TTL edges,ok
3,52,7,4,session07_run04,481,376150,482,7026,3569,1,0,individual MRI TTL edges,ok
3,53,7,5,session07_run05,514,401350,514,6739,3977,1,0,individual MRI TTL edges,ok
3,54,7,6,session07_run06,488,380100,489,7231,1994,1,0,individual MRI TTL edges,ok
3,55,7,7,session07_run07,498,388250,499,7230,2545,1,0,individual MRI TTL edges,ok
3,56,7,8,session07_run08,489,381800,490,7340,2825,1,0,individual MRI TTL edges,ok
3,57,8,1,session08_run01,487,382900,488,10645,2141,1,0,individual MRI TTL edges,ok
3,58,8,2,session08_run02,483,385150,484,15577,2498,1,0,individual MRI TTL edges,ok
3,59,8,3,session08_run03,491,381750,491,7141,1455,1,0,individual MRI TTL edges,ok
3,60,8,4,session08_run04,481,377350,482,7622,4174,1,0,individual MRI TTL edges,ok
3,61,8,5,session08_run05,483,379250,484,6654,5521,1,0,individual MRI TTL edges,ok
3,62,8,6,session08_run06,487,379600,488,7114,2371,1,0,individual MRI TTL edges,ok
3,63,8,7,session08_run07,485,380100,486,7128,4377,1,0,individual MRI TTL edges,ok
3,64,8,8,session08_run08,490,383000,491,8615,1990,1,0,individual MRI TTL edges,ok
3,65,9,1,session09_run01,482,385800,483,18040,1446,1,0,individual MRI TTL edges,ok
3,66,9,2,session09_run02,478,373800,479,6874,3652,1,0,individual MRI TTL edges,ok
3,67,9,3,session09_run03,478,373650,479,7208,3168,1,0,individual MRI TTL edges,ok
3,68,9,4,session09_run04,494,386100,495,7251,3414,1,0,individual MRI TTL edges,ok
3,69,9,5,session09_run05,482,376300,483,7306,2679,1,0,individual MRI TTL edges,ok
3,70,9,6,session09_run06,479,374100,480,7874,2192,1,0,individual MRI TTL edges,ok
3,71,9,7,session09_run07,488,382000,489,7172,3953,1,0,individual MRI TTL edges,ok
3,72,10,1,session10_run01,489,380950,490,6643,2673,1,0,individual MRI TTL edges,ok
3,73,10,2,session10_run02,481,375500,482,7200,2745,1,0,individual MRI TTL edges,ok
3,74,10,3,session10_run03,484,379150,485,8682,2633,1,0,individual MRI TTL edges,ok
3,75,10,4,session10_run04,486,378800,487,7036,2409,1,0,individual MRI TTL edges,ok
3,76,10,5,session10_run05,510,398900,511,7401,3904,1,0,individual MRI TTL edges,ok
3,77,10,6,session10_run06,482,376550,483,7191,3044,1,0,individual MRI TTL edges,ok
3,78,10,7,session10_run07,486,379550,487,6787,3408,1,0,individual MRI TTL edges,ok
3,79,10,8,session10_run08,489,381400,490,7184,2582,1,0,individual MRI TTL edges,ok
3,80,10,9,session10_run09,480,374700,481,7035,2870,1,0,individual MRI TTL edges,ok
4,1,1,1,session01_run01,495,386800,496,7491,3114,1,0,individual MRI TTL edges,ok
4,2,1,2,session01_run02,497,388250,498,8021,2515,1,0,individual MRI TTL edges,ok
4,3,1,3,session01_run03,489,383750,490,9341,2774,1,0,individual MRI TTL edges,ok
4,4,1,4,session01_run04,489,382850,490,8121,3095,1,0,individual MRI TTL edges,ok
4,5,1,5,session01_run05,484,376750,485,6673,2242,1,0,individual MRI TTL edges,ok
4,6,1,6,session01_run06,496,388900,497,9455,2491,1,0,individual MRI TTL edges,ok
4,7,1,7,session01_run07,474,370050,475,6940,2875,1,0,individual MRI TTL edges,ok
4,8,1,8,session01_run08,474,370650,475,6820,3596,1,0,individual MRI TTL edges,ok
4,9,2,1,session02_run01,492,385100,493,8184,3001,1,0,individual MRI TTL edges,ok
4,10,2,2,session02_run02,499,389150,500,6811,3105,1,0,individual MRI TTL edges,ok
4,11,2,3,session02_run03,473,369500,474,7777,2248,1,0,individual MRI TTL edges,ok
4,12,2,4,session02_run04,492,384450,493,8262,2273,1,0,individual MRI TTL edges,ok
4,13,2,5,session02_run05,500,391850,501,8689,3166,1,0,individual MRI TTL edges,ok
4,14,2,6,session02_run06,489,381500,490,7171,2694,1,0,individual MRI TTL edges,ok
4,15,2,7,session02_run07,489,382600,490,7355,3610,1,0,individual MRI TTL edges,ok
4,16,3,1,session03_run01,490,383400,491,9417,1588,1,0,individual MRI TTL edges,ok
4,17,3,2,session03_run02,489,389800,490,15925,2240,1,0,individual MRI TTL edges,ok
4,18,3,3,session03_run03,477,371900,478,7215,2170,1,0,individual MRI TTL edges,ok
4,19,3,4,session03_run04,482,377600,483,7374,3911,1,0,individual MRI TTL edges,ok
4,20,3,5,session03_run05,491,383450,492,7401,2894,1,0,individual MRI TTL edges,ok
4,21,4,1,session04_run01,489,399250,490,25810,1806,1,0,individual MRI TTL edges,ok
4,22,4,2,session04_run02,486,379100,487,7542,2203,1,0,individual MRI TTL edges,ok
4,23,4,3,session04_run03,489,382400,490,8657,2108,1,0,individual MRI TTL edges,ok
4,24,4,4,session04_run04,490,382550,491,7515,2640,1,0,individual MRI TTL edges,ok
4,25,4,5,session04_run05,488,382850,489,7694,4281,1,0,individual MRI TTL edges,ok
4,26,5,1,session05_run01,488,393100,489,7137,15088,1,0,individual MRI TTL edges,ok
4,27,5,2,session05_run02,491,391150,492,15710,2285,1,0,individual MRI TTL edges,ok
4,28,5,3,session05_run03,487,379100,488,6971,2014,1,0,individual MRI TTL edges,ok
4,29,5,4,session05_run04,494,385700,495,8144,2121,1,0,individual MRI TTL edges,ok
4,30,5,5,session05_run05,488,380400,488,7033,2492,1,0,individual MRI TTL edges,ok
4,31,6,1,session06_run01,493,385650,494,7665,3310,1,0,individual MRI TTL edges,ok
4,32,6,2,session06_run02,480,376000,481,6888,4317,1,0,individual MRI TTL edges,ok
4,33,6,3,session06_run03,494,384350,495,6956,1959,1,0,individual MRI TTL edges,ok
4,34,6,4,session06_run04,489,381150,490,7011,2505,1,0,individual MRI TTL edges,ok
4,35,6,5,session06_run05,496,387800,497,7717,3128,1,0,individual MRI TTL edges,ok
4,36,7,1,session07_run01,487,379600,488,7000,2485,1,0,individual MRI TTL edges,ok
4,37,7,2,session07_run02,481,382850,482,14908,2387,1,0,individual MRI TTL edges,ok
4,38,7,3,session07_run03,499,388350,500,6923,2192,1,0,individual MRI TTL edges,ok
4,39,7,4,session07_run04,495,386750,496,7563,2992,1,0,individual MRI TTL edges,ok
4,40,7,5,session07_run05,491,383650,492,7465,3030,1,0,individual MRI TTL edges,ok
4,41,8,1,session08_run01,482,375000,483,6680,2005,1,0,individual MRI TTL edges,ok
4,42,8,2,session08_run02,482,375350,483,6987,2049,1,0,individual MRI TTL edges,ok
4,43,8,3,session08_run03,484,379250,485,8875,2540,1,0,individual MRI TTL edges,ok
4,44,8,4,session08_run04,478,372850,479,6751,2824,1,0,individual MRI TTL edges,ok
4,45,8,5,session08_run05,493,385050,493,7038,3337,1,0,individual MRI TTL edges,ok
4,46,9,1,session09_run01,492,383900,493,7515,2470,1,0,individual MRI TTL edges,ok
4,47,9,2,session09_run02,502,391600,503,6983,3102,1,0,individual MRI TTL edges,ok
4,48,9,3,session09_run03,509,398500,510,6378,5288,1,0,individual MRI TTL edges,ok
4,49,9,4,session09_run04,514,400800,514,7023,3143,1,0,individual MRI TTL edges,ok
4,50,9,5,session09_run05,491,383200,492,6917,3128,1,0,individual MRI TTL edges,ok
4,51,10,1,session10_run01,507,395050,508,7051,2684,1,0,individual MRI TTL edges,ok
4,52,10,2,session10_run02,506,401050,507,6700,9796,1,0,individual MRI TTL edges,ok
4,53,10,3,session10_run03,498,388350,499,6926,2950,1,0,individual MRI TTL edges,ok
4,54,10,4,session10_run04,505,393550,506,6812,2944,1,0,individual MRI TTL edges,ok
4,55,10,5,session10_run05,498,388300,499,7057,2769,1,0,individual MRI TTL edges,ok
4,56,11,1,session11_run01,512,398300,513,6590,2595,1,0,individual MRI TTL edges,ok
4,57,11,2,session11_run02,503,399650,504,15185,2190,1,0,individual MRI TTL edges,ok
4,58,11,3,session11_run03,500,389600,501,7007,2599,1,0,individual MRI TTL edges,ok
4,59,11,4,session11_run04,512,398450,513,6502,2834,1,0,individual MRI TTL edges,ok
4,60,11,5,session11_run05,502,391600,503,6912,3173,1,0,individual MRI TTL edges,ok
4,61,12,1,session12_run01,514,402700,514,6731,5334,1,0,individual MRI TTL edges,ok
4,62,12,2,session12_run02,499,398100,500,16027,2838,1,0,individual MRI TTL edges,ok
4,63,12,3,session12_run03,506,395600,507,8454,2591,1,0,individual MRI TTL edges,ok
4,64,12,4,session12_run04,510,397400,511,8020,1786,1,0,individual MRI TTL edges,ok
4,65,12,5,session12_run05,509,396550,510,6769,2947,1,0,individual MRI TTL edges,ok
4,66,13,1,session13_run01,512,399200,513,6711,3374,1,0,individual MRI TTL edges,ok
4,67,13,2,session13_run02,494,394400,495,16462,2503,1,0,individual MRI TTL edges,ok
4,68,13,3,session13_run03,501,392150,502,7450,3945,1,0,individual MRI TTL edges,ok
4,69,13,4,session13_run04,504,392900,505,6560,3306,1,0,individual MRI TTL edges,ok
4,70,13,5,session13_run05,510,397300,511,6569,3136,1,0,individual MRI TTL edges,ok
4,71,14,1,session14_run01,508,396400,509,7320,3005,1,0,individual MRI TTL edges,ok
4,72,14,2,session14_run02,510,402750,511,11690,3465,1,0,individual MRI TTL edges,ok
4,73,14,3,session14_run03,501,390400,502,7116,2529,1,0,individual MRI TTL edges,ok
4,74,14,4,session14_run04,514,400050,514,6946,2469,1,0,individual MRI TTL edges,ok
4,75,14,5,session14_run05,506,394050,507,6756,2739,1,0,individual MRI TTL edges,ok
4,76,15,1,session15_run01,511,397850,512,6635,2860,1,0,individual MRI TTL edges,ok
4,77,15,2,session15_run02,504,402700,505,15434,4231,1,0,individual MRI TTL edges,ok
4,78,15,3,session15_run03,489,382850,490,6620,4596,1,0,individual MRI TTL edges,ok
4,79,15,4,session15_run04,497,388050,498,7342,2994,1,0,individual MRI TTL edges,ok
4,80,15,5,session15_run05,514,402050,514,7504,3912,1,0,individual MRI TTL edges,ok
5,1,1,1,session01_run01,480,376600,481,7551,4254,1,0,individual MRI TTL edges,ok
5,2,1,2,session01_run02,479,381650,480,14343,3272,1,0,individual MRI TTL edges,ok
5,3,1,3,session01_run03,473,375650,474,7042,9133,1,0,individual MRI TTL edges,ok
5,4,1,4,session01_run04,490,382750,491,7172,3183,1,0,individual MRI TTL edges,ok
5,5,1,5,session01_run05,505,406250,506,7267,15188,1,0,individual MRI TTL edges,ok
5,6,2,1,session02_run01,500,393900,501,12028,1877,1,0,individual MRI TTL edges,ok
5,7,2,2,session02_run02,480,384200,481,15146,4260,1,0,individual MRI TTL edges,ok
5,8,2,3,session02_run03,483,378450,484,7818,3557,1,0,individual MRI TTL edges,ok
5,9,2,4,session02_run04,491,382650,492,6809,2686,1,0,individual MRI TTL edges,ok
5,10,2,5,session02_run05,498,388050,499,6791,2784,1,0,individual MRI TTL edges,ok
5,11,3,1,session03_run01,487,382550,488,10002,2433,1,0,individual MRI TTL edges,ok
5,12,3,2,session03_run02,482,375700,483,6895,2491,1,0,individual MRI TTL edges,ok
5,13,3,3,session03_run03,481,375100,482,7158,2388,1,0,individual MRI TTL edges,ok
5,14,3,4,session03_run04,483,378300,484,7700,3525,1,0,individual MRI TTL edges,ok
5,15,3,5,session03_run05,488,380500,488,6982,2643,1,0,individual MRI TTL edges,ok
5,16,4,1,session04_run01,500,398450,501,15750,2705,1,0,individual MRI TTL edges,ok
5,17,4,2,session04_run02,493,394800,494,15928,4197,1,0,individual MRI TTL edges,ok
5,18,4,3,session04_run03,482,376200,483,7306,2579,1,0,individual MRI TTL edges,ok
5,19,4,4,session04_run04,480,373800,481,6882,2123,1,0,individual MRI TTL edges,ok
5,20,4,5,session04_run05,493,384200,494,7041,2485,1,0,individual MRI TTL edges,ok
5,21,5,1,session05_run01,488,390900,489,15927,4098,1,0,individual MRI TTL edges,ok
5,22,5,2,session05_run02,489,381600,490,6078,3887,1,0,individual MRI TTL edges,ok
5,23,5,3,session05_run03,485,379700,486,6883,4222,1,0,individual MRI TTL edges,ok
5,24,5,4,session05_run04,496,395300,496,7338,11008,1,0,individual MRI TTL edges,ok
5,25,5,5,session05_run05,495,388550,496,7474,4881,1,0,individual MRI TTL edges,ok
5,26,6,1,session06_run01,491,385150,492,7496,4499,1,0,individual MRI TTL edges,ok
5,27,6,2,session06_run02,486,379400,487,7460,2586,1,0,individual MRI TTL edges,ok
5,28,6,3,session06_run03,495,387750,496,7584,3971,1,0,individual MRI TTL edges,ok
5,29,6,4,session06_run04,500,390150,501,7076,3080,1,0,individual MRI TTL edges,ok
5,30,6,5,session06_run05,492,383750,493,6706,3130,1,0,individual MRI TTL edges,ok
5,31,7,1,session07_run01,510,410600,511,20536,2469,1,0,individual MRI TTL edges,ok
5,32,7,2,session07_run02,509,405300,510,16423,2042,1,0,individual MRI TTL edges,ok
5,33,7,3,session07_run03,506,393200,507,6093,2552,1,0,individual MRI TTL edges,ok
5,34,7,4,session07_run04,499,389850,500,7129,3487,1,0,individual MRI TTL edges,ok
5,35,7,5,session07_run05,502,390950,503,6621,2815,1,0,individual MRI TTL edges,ok
5,36,8,1,session08_run01,494,386800,495,8589,2777,1,0,individual MRI TTL edges,ok
5,37,8,2,session08_run02,496,386400,497,7338,2107,1,0,individual MRI TTL edges,ok
5,38,8,3,session08_run03,491,384250,492,6282,4813,1,0,individual MRI TTL edges,ok
5,39,8,4,session08_run04,502,391650,503,7354,2782,1,0,individual MRI TTL edges,ok
5,40,8,5,session08_run05,513,402150,514,7157,5118,1,0,individual MRI TTL edges,ok
5,41,9,1,session09_run01,485,378750,486,6489,3666,1,0,individual MRI TTL edges,ok
5,42,9,2,session09_run02,506,390250,507,3132,2563,1,0,individual MRI TTL edges,ok
5,43,9,3,session09_run03,495,386150,496,6623,3332,1,0,individual MRI TTL edges,ok
5,44,9,4,session09_run04,502,391250,503,6894,2842,1,0,individual MRI TTL edges,ok
5,45,10,1,session10_run01,503,391850,504,6635,2940,1,0,individual MRI TTL edges,ok
5,46,10,2,session10_run02,514,408950,514,15480,2836,1,0,individual MRI TTL edges,ok
5,47,10,3,session10_run03,505,393450,506,7166,2490,1,0,individual MRI TTL edges,ok
5,48,10,4,session10_run04,514,405500,514,10039,4827,1,0,individual MRI TTL edges,ok
5,49,10,5,session10_run05,514,398550,514,6206,1710,1,0,individual MRI TTL edges,ok
5,50,11,1,session11_run01,504,392400,505,6736,2630,1,0,individual MRI TTL edges,ok
5,51,11,2,session11_run02,494,385800,495,5211,5154,1,0,individual MRI TTL edges,ok
5,52,11,3,session11_run03,505,396300,506,7436,5069,1,0,individual MRI TTL edges,ok
5,53,11,4,session11_run04,500,393250,501,7146,6109,1,0,individual MRI TTL edges,ok
5,54,11,5,session11_run05,511,399300,512,7291,3654,1,0,individual MRI TTL edges,ok
5,55,12,1,session12_run01,498,388750,499,6621,3654,1,0,individual MRI TTL edges,ok
5,56,12,2,session12_run02,504,402550,505,16899,2617,1,0,individual MRI TTL edges,ok
5,57,12,3,session12_run03,507,396600,508,7284,4002,1,0,individual MRI TTL edges,ok
5,58,12,4,session12_run04,492,383800,493,6670,3215,1,0,individual MRI TTL edges,ok
5,59,12,5,session12_run05,495,389000,496,6831,5975,1,0,individual MRI TTL edges,ok
5,60,13,1,session13_run01,510,397550,511,6551,3404,1,0,individual MRI TTL edges,ok
5,61,13,2,session13_run02,496,388200,497,8893,2352,1,0,individual MRI TTL edges,ok
5,62,13,3,session13_run03,500,390250,501,6977,3278,1,0,individual MRI TTL edges,ok
5,63,13,4,session13_run04,506,395800,507,7382,3863,1,0,individual MRI TTL edges,ok
5,64,13,5,session13_run05,504,392100,505,6486,2580,1,0,individual MRI TTL edges,ok
5,65,14,1,session14_run01,498,387850,499,6848,2527,1,0,individual MRI TTL edges,ok
5,66,14,2,session14_run02,500,398450,501,15697,2759,1,0,individual MRI TTL edges,ok
5,67,14,3,session14_run03,495,388400,496,6798,5407,1,0,individual MRI TTL edges,ok
5,68,14,4,session14_run04,499,389250,500,6678,3337,1,0,individual MRI TTL edges,ok
5,69,14,5,session14_run05,504,391550,505,5569,2946,1,0,individual MRI TTL edges,ok
5,70,14,6,session14_run06,508,398050,509,6835,5141,1,0,individual MRI TTL edges,ok
5,71,15,1,session15_run01,493,408600,494,18309,15617,1,0,individual MRI TTL edges,ok
5,72,15,2,session15_run02,488,386450,489,12085,3491,1,0,individual MRI TTL edges,ok
5,73,15,3,session15_run03,503,389050,503,7326,-550,1,1,individual MRI TTL edges,ok
5,74,15,4,session15_run04,493,393100,494,15797,2628,1,0,individual MRI TTL edges,ok
5,75,15,5,session15_run05,490,382750,491,5237,5119,1,0,individual MRI TTL edges,ok
5,76,16,1,session16_run01,492,390150,493,12075,4160,1,0,individual MRI TTL edges,ok
5,77,16,2,session16_run02,491,387350,492,8886,5309,1,0,individual MRI TTL edges,ok
5,78,16,3,session16_run03,497,389250,498,6758,4777,1,0,individual MRI TTL edges,ok
5,79,16,4,session16_run04,491,389150,492,8839,7156,1,0,individual MRI TTL edges,ok
5,80,16,5,session16_run05,489,389050,490,7863,9552,1,0,individual MRI TTL edges,ok
6,1,1,1,session01_run01,514,399750,514,7175,1941,1,0,individual MRI TTL edges,ok
6,2,1,2,session01_run02,509,395600,510,6631,2135,1,0,individual MRI TTL edges,ok
6,3,1,3,session01_run03,498,388300,499,7281,2545,1,0,individual MRI TTL edges,ok
6,4,1,4,session01_run04,500,416950,501,7401,29555,1,0,individual MRI TTL edges,ok
6,5,1,5,session01_run05,506,394300,507,7406,2340,1,0,individual MRI TTL edges,ok
6,6,1,6,session01_run06,499,388600,500,6636,2730,1,0,individual MRI TTL edges,ok
6,7,1,7,session01_run07,493,384750,494,6699,3376,1,0,individual MRI TTL edges,ok
6,8,1,8,session01_run08,503,391800,504,6610,2915,1,0,individual MRI TTL edges,ok
6,9,2,1,session02_run01,509,394750,510,5612,2304,1,0,individual MRI TTL edges,ok
6,10,2,2,session02_run02,503,392150,504,6759,3117,1,0,individual MRI TTL edges,ok
6,11,2,3,session02_run03,495,386200,496,6766,3239,1,0,individual MRI TTL edges,ok
6,12,2,4,session02_run04,513,399600,514,7034,2692,1,0,individual MRI TTL edges,ok
6,13,2,5,session02_run05,505,393300,506,7023,2482,1,0,individual MRI TTL edges,ok
6,14,2,6,session02_run06,497,388700,498,6930,4055,1,0,individual MRI TTL edges,ok
6,15,2,7,session02_run07,502,391800,502,7720,2565,1,0,individual MRI TTL edges,ok
6,16,2,8,session02_run08,514,401700,514,6239,4827,1,0,individual MRI TTL edges,ok
6,17,3,1,session03_run01,503,391200,504,6581,2344,1,0,individual MRI TTL edges,ok
6,18,3,2,session03_run02,491,383700,492,8104,2442,1,0,individual MRI TTL edges,ok
6,19,3,3,session03_run03,508,395800,509,7077,2649,1,0,individual MRI TTL edges,ok
6,20,3,4,session03_run04,502,391250,503,6250,3486,1,0,individual MRI TTL edges,ok
6,21,3,5,session03_run05,502,390800,503,6658,2627,1,0,individual MRI TTL edges,ok
6,22,3,6,session03_run06,491,384900,492,7821,3924,1,0,individual MRI TTL edges,ok
6,23,3,7,session03_run07,510,397250,511,6947,2708,1,0,individual MRI TTL edges,ok
6,24,3,8,session03_run08,490,381100,491,6056,2649,1,0,individual MRI TTL edges,ok
6,25,4,1,session04_run01,493,383650,494,6673,2302,1,0,individual MRI TTL edges,ok
6,26,4,2,session04_run02,501,389950,502,6491,2704,1,0,individual MRI TTL edges,ok
6,27,4,3,session04_run03,514,402100,514,7604,3862,1,0,individual MRI TTL edges,ok
6,28,4,4,session04_run04,506,394200,507,6927,2718,1,0,individual MRI TTL edges,ok
6,29,4,5,session04_run05,514,401700,514,6646,4419,1,0,individual MRI TTL edges,ok
6,30,4,6,session04_run06,510,412850,511,16833,8423,1,0,individual MRI TTL edges,ok
6,31,4,7,session04_run07,512,398650,513,6644,2891,1,0,individual MRI TTL edges,ok
6,32,4,8,session04_run08,514,402500,514,6944,4922,1,0,individual MRI TTL edges,ok
6,33,5,1,session05_run01,497,393500,498,6658,9128,1,0,individual MRI TTL edges,ok
6,34,5,2,session05_run02,492,385000,493,7021,4064,1,0,individual MRI TTL edges,ok
6,35,5,3,session05_run03,501,391450,502,6812,3884,1,0,individual MRI TTL edges,ok
6,36,5,4,session05_run04,501,390350,502,6557,3038,1,0,individual MRI TTL edges,ok
6,37,5,5,session05_run05,503,393400,504,6591,4535,1,0,individual MRI TTL edges,ok
6,38,5,6,session05_run06,489,382150,490,6752,3763,1,0,individual MRI TTL edges,ok
6,39,5,7,session05_run07,492,387050,493,9875,3260,1,0,individual MRI TTL edges,ok
6,40,5,8,session05_run08,495,385350,496,6486,2669,1,0,individual MRI TTL edges,ok
6,41,6,1,session06_run01,501,389600,502,6588,2258,1,0,individual MRI TTL edges,ok
6,42,6,2,session06_run02,513,407650,514,14906,2869,1,0,individual MRI TTL edges,ok
6,43,6,3,session06_run03,514,399450,514,6467,2348,1,0,individual MRI TTL edges,ok
6,44,6,4,session06_run04,514,408950,514,6772,11544,1,0,individual MRI TTL edges,ok
6,45,6,5,session06_run05,514,402350,514,7608,4107,1,0,individual MRI TTL edges,ok
6,46,6,6,session06_run06,492,382800,492,7046,1839,1,0,individual MRI TTL edges,ok
6,47,7,1,session07_run01,509,396500,510,6999,2666,1,0,individual MRI TTL edges,ok
6,48,7,2,session07_run02,507,394350,508,6785,2251,1,0,individual MRI TTL edges,ok
6,49,7,3,session07_run03,507,395000,508,6753,2932,1,0,individual MRI TTL edges,ok
6,50,7,4,session07_run04,502,390750,503,6846,2390,1,0,individual MRI TTL edges,ok
6,51,7,5,session07_run05,501,391700,502,7048,3898,1,0,individual MRI TTL edges,ok
6,52,7,6,session07_run06,503,392700,504,6985,3441,1,0,individual MRI TTL edges,ok
6,53,7,7,session07_run07,502,391700,503,6330,3856,1,0,individual MRI TTL edges,ok
6,54,7,8,session07_run08,499,389300,500,7347,2719,1,0,individual MRI TTL edges,ok
6,55,8,1,session08_run01,506,394450,507,6768,3127,1,0,individual MRI TTL edges,ok
6,56,8,2,session08_run02,509,396450,510,7304,2312,1,0,individual MRI TTL edges,ok
6,57,8,3,session08_run03,504,392900,505,7243,2622,1,0,individual MRI TTL edges,ok
6,58,8,4,session08_run04,508,396800,509,7162,3564,1,0,individual MRI TTL edges,ok
6,59,8,5,session08_run05,500,389750,501,6988,2767,1,0,individual MRI TTL edges,ok
6,60,8,6,session08_run06,503,394150,504,7623,4252,1,0,individual MRI TTL edges,ok
6,61,8,7,session08_run07,502,391250,503,6689,3047,1,0,individual MRI TTL edges,ok
6,62,8,8,session08_run08,497,388000,498,5970,4316,1,0,individual MRI TTL edges,ok
6,63,8,9,session08_run09,502,390700,503,6429,2757,1,0,individual MRI TTL edges,ok
6,64,9,1,session09_run01,507,404400,508,15854,3231,1,0,individual MRI TTL edges,ok
6,65,9,2,session09_run02,494,394650,495,14613,4602,1,0,individual MRI TTL edges,ok
6,66,9,3,session09_run03,514,403600,514,6856,6109,1,0,individual MRI TTL edges,ok
6,67,9,4,session09_run04,494,385850,495,7161,3255,1,0,individual MRI TTL edges,ok
6,68,9,5,session09_run05,514,412100,514,6617,14849,1,0,individual MRI TTL edges,ok
6,69,9,6,session09_run06,492,384300,493,7042,3343,1,0,individual MRI TTL edges,ok
6,70,9,7,session09_run07,504,394350,505,7395,3920,1,0,individual MRI TTL edges,ok
6,71,9,8,session09_run08,502,391650,503,7207,2929,1,0,individual MRI TTL edges,ok
6,72,9,9,session09_run09,514,401950,514,6915,4400,1,0,individual MRI TTL edges,ok
6,73,10,1,session10_run01,508,410350,509,16535,7740,1,0,individual MRI TTL edges,ok
6,74,10,2,session10_run02,506,400500,507,13579,2366,1,0,individual MRI TTL edges,ok
6,75,10,3,session10_run03,501,392300,502,7045,4500,1,0,individual MRI TTL edges,ok
6,76,10,4,session10_run04,503,393200,504,7274,3651,1,0,individual MRI TTL edges,ok
6,77,10,5,session10_run05,510,396450,511,6578,2277,1,0,individual MRI TTL edges,ok
6,78,10,6,session10_run06,505,402750,506,15492,3464,1,0,individual MRI TTL edges,ok
6,79,10,7,session10_run07,491,384800,492,8297,3348,1,0,individual MRI TTL edges,ok
6,80,10,8,session10_run08,492,384650,492,6751,3985,1,0,individual MRI TTL edges,ok
